metric,value
RMSE,1.7776237069631495
MAE,1.2448377001700122
Pseudo_R2,0.2572113073098832
