metric,value
RMSE,1.7776237073878673
MAE,1.2448377004258557
Pseudo_R2,0.25721130695494254
