metric,value
RMSE,1.6815800175552107
MAE,1.1988057466525068
Pseudo_R2,0.24720200562592187
