split,RMSE,MAE,R2
train,1.393427027727135,1.0126740836835026,0.6542760066761293
test,1.7940943203371131,1.150441295343047,0.4841906820181856
