split,RMSE,MAE,R2
train,1.393427027727135,1.0126740836835026,0.6542760066761293
test,1.794101811896522,1.1504844916017685,0.48418589380346155
